<?xml version="1.0" encoding="utf-8" ?>
<dwsync>
<file name="style.css" server="C:/wamp/www/inventory" local="130870529580000000" remote="130870529580000000" />
<file name="style.css" server="C:/wamp/www/inventory/" local="130870529580000000" remote="130870529580000000" />
<file name="table.css" server="C:/wamp/www/inventory" local="130418012260000000" remote="130418012260000000" />
<file name="table.css" server="C:/wamp/www/inventory/" local="130418012260000000" remote="130418012260000000" />
<file name="receipt.css" server="C:/wamp/www/inventory/" local="130892109048583357" remote="130892109040000000" />
<file name="receipt.css" server="C:/wamp/www/inventory" local="130878208581210607" remote="130878208580000000" />
<file name="tcal.css" server="C:/wamp/www/inventory/" local="130895453246362265" remote="130895453240000000" />
<file name="style.css" server="C:/Program Files/Ampps/www/inventory/" local="130870529580000000" remote="130870529580000000" />
<file name="table.css" server="C:/Program Files/Ampps/www/inventory/" local="130418012260000000" remote="130418012260000000" />
<file name="jquery-ui.css" server="C:/Program Files/Ampps/www/inventory/" local="130913197193156680" remote="130913197190000000" />
<file name="receipt.css" server="C:/Program Files/Ampps/www/inventory/" local="130892109048583357" remote="130892109040000000" />
<file name="tcal.css" server="C:/Program Files/Ampps/www/inventory/" local="130895453246362265" remote="130895453240000000" />
<file name="style.css" server="C:/Ampps/www/inventory/" local="130870529580000000" remote="130870529580000000" />
<file name="table.css" server="C:/Ampps/www/inventory/" local="130418012260000000" remote="130418012260000000" />
<file name="jquery-ui.css" server="C:/Ampps/www/inventory/" local="130913197193156680" remote="130913197190000000" />
</dwsync>