<?xml version="1.0" encoding="utf-8" ?>
<dwsync>
<file name="livesearch.js" server="C:/wamp/www/inventory/" local="130901527048265466" remote="130901527040000000" />
<file name="livesearch.js" server="C:/wamp/www/inventory" local="130901527048265466" remote="130901527040000000" />
<file name="table.js" server="C:/wamp/www/inventory" local="130311309780000000" remote="130311309780000000" />
<file name="gs_sortable.js" server="C:/wamp/www/inventory" local="130311311300000000" remote="130311311300000000" />
<file name="table.js" server="C:/wamp/www/inventory/" local="130311309780000000" remote="130311309780000000" />
<file name="gs_sortable.js" server="C:/wamp/www/inventory/" local="130311311300000000" remote="130311311300000000" />
<file name="search_head.php" server="C:/wamp/www/inventory/" local="130867080325481899" remote="130867080320000000" />
<file name="tcal.js" server="C:/wamp/www/inventory/" local="130432785940000000" remote="130432785940000000" />
<file name="livesearch.js" server="C:/Program Files/Ampps/www/inventory/" local="130919098663823742" remote="130919098660000000" />
<file name="table.js" server="C:/Program Files/Ampps/www/inventory/" local="130311309780000000" remote="130311309780000000" />
<file name="gs_sortable.js" server="C:/Program Files/Ampps/www/inventory/" local="130311311300000000" remote="130311311300000000" />
<file name="connector.js" server="C:/Program Files/Ampps/www/inventory/" local="130925949618336651" remote="130925949610000000" />
<file name="jquery.timers-1.0.0.js" server="C:/Program Files/Ampps/www/inventory/" local="129512380360000000" remote="129512380360000000" />
<file name="jquery.min.js" server="C:/Program Files/Ampps/www/inventory/" local="130874686160000000" remote="130874686160000000" />
<file name="jquery-1.2.6.min.js" server="C:/Program Files/Ampps/www/inventory/" local="128602459220000000" remote="128602459220000000" />
<file name="timer.jquery.js" server="C:/Program Files/Ampps/www/inventory/" local="130913015709708934" remote="130913015700000000" />
<file name="jquery-1.4.2.js" server="C:/Program Files/Ampps/www/inventory/" local="129282578280000000" remote="129282578280000000" />
<file name="jquery-1.10.2.js" server="C:/Program Files/Ampps/www/inventory/" local="130913192326298312" remote="130913192320000000" />
<file name="tcal.js" server="C:/Program Files/Ampps/www/inventory/" local="130432785940000000" remote="130432785940000000" />
<file name="livesearch.js" server="C:/Ampps/www/inventory/" local="130919098663823742" remote="130919098660000000" />
<file name="table.js" server="C:/Ampps/www/inventory/" local="130311309780000000" remote="130311309780000000" />
<file name="gs_sortable.js" server="C:/Ampps/www/inventory/" local="130311311300000000" remote="130311311300000000" />
<file name="jquery.timers-1.0.0.js" server="C:/Ampps/www/inventory/" local="129512380360000000" remote="129512380360000000" />
<file name="jquery-1.2.6.min.js" server="C:/Ampps/www/inventory/" local="128602459220000000" remote="128602459220000000" />
<file name="jquery-1.4.2.js" server="C:/Ampps/www/inventory/" local="129282578280000000" remote="129282578280000000" />
<file name="connector.js" server="C:/Ampps/www/inventory/" local="130926530935191046" remote="130926530930000000" />
<file name="jquery-1.10.2.js" server="C:/Ampps/www/inventory/" local="130913192326298312" remote="130913192320000000" />
</dwsync>